{
  "index": 7,
  "start_sec": 23.788289070129395,
  "end_sec": 26.042519569396973,
  "text": "",
  "barge_in_fired": false,
  "barge_in_events": [],
  "mic_rms_mean": 0.024978497996926308,
  "mic_rms_max": 0.12756621837615967,
  "echo_sim_mean": 0.21545997838143988
}