{
  "index": 2,
  "start_sec": 3.5992350578308105,
  "end_sec": 4.901335716247559,
  "text": "",
  "barge_in_fired": false,
  "barge_in_events": [],
  "mic_rms_mean": 0.014788975939154625,
  "mic_rms_max": 0.20158302783966064,
  "echo_sim_mean": 0.18269349673387195
}