{
  "index": 2,
  "start_sec": 13.92577576637268,
  "end_sec": 14.677146196365356,
  "text": "",
  "barge_in_fired": false,
  "barge_in_events": [],
  "mic_rms_mean": 0.008216669782996178,
  "mic_rms_max": 0.05635416507720947,
  "echo_sim_mean": 0.19854603201856097
}