{
  "user_self": [
    0.5664961292723428,
    0.5150239318693535,
    0.5491025073551501,
    0.5387799154263023
  ],
  "enroll_consistency": [
    0.8634959930245353,
    0.7523496566616589,
    0.8283380395152384,
    0.7321250609068487
  ],
  "tts": [
    0.09170865398192166,
    -0.025936721159992123,
    -0.024084543106354134
  ],
  "humans": {
    "george": 0.2563842616095523,
    "jackson": 0.19687922067422517,
    "nicolas": 0.2843802968048012,
    "lucas": 0.062074504620981644,
    "theo": 0.025738812408316353,
    "voice": 0.09917618014695105
  },
  "user_floor": 0.5150239318693535,
  "neg_ceiling": 0.2843802968048012
}