{
  "index": 0,
  "start_sec": 3.552436828613281e-05,
  "end_sec": 0.8016262054443359,
  "text": "",
  "barge_in_fired": false,
  "barge_in_events": [],
  "mic_rms_mean": 0.010750805959105492,
  "mic_rms_max": 0.04066967964172363,
  "echo_sim_mean": 0.23758013190209554
}