{
  "index": 11,
  "start_sec": 44.25611758232117,
  "end_sec": 44.91769003868103,
  "text": "",
  "barge_in_fired": false,
  "barge_in_events": [],
  "mic_rms_mean": 0.015480659902095795,
  "mic_rms_max": 0.12265646457672119,
  "echo_sim_mean": 0.1910012185268928
}