{
  "index": 7,
  "start_sec": 19.7402822971344,
  "end_sec": 22.396518230438232,
  "text": "",
  "barge_in_fired": false,
  "barge_in_events": [],
  "mic_rms_mean": 0.01755012571811676,
  "mic_rms_max": 0.13913607597351074,
  "echo_sim_mean": 0.2933903715027907
}