{
  "index": 6,
  "start_sec": 16.382564783096313,
  "end_sec": 19.08807611465454,
  "text": "",
  "barge_in_fired": false,
  "barge_in_events": [],
  "mic_rms_mean": 0.009274103678762913,
  "mic_rms_max": 0.10982966423034668,
  "echo_sim_mean": 0.2680840219163926
}