{
  "index": 0,
  "start_sec": 3.337860107421875e-05,
  "end_sec": 0.8524422645568848,
  "text": "",
  "barge_in_fired": false,
  "barge_in_events": [],
  "mic_rms_mean": 0.009646491147577763,
  "mic_rms_max": 0.05755507946014404,
  "echo_sim_mean": 0.2763234136752426
}