{
  "index": 0,
  "start_sec": 4.1484832763671875e-05,
  "end_sec": 1.452580213546753,
  "text": "",
  "barge_in_fired": false,
  "barge_in_events": [],
  "mic_rms_mean": 0.009531982243061066,
  "mic_rms_max": 0.08126556873321533,
  "echo_sim_mean": 0.21852890264951122
}