{
  "index": 5,
  "start_sec": 14.792247295379639,
  "end_sec": 15.694252729415894,
  "text": "",
  "barge_in_fired": false,
  "barge_in_events": [],
  "mic_rms_mean": 0.011420655995607376,
  "mic_rms_max": 0.08718347549438477,
  "echo_sim_mean": 0.20634146829678085
}