{
  "index": 1,
  "start_sec": 1.85015869140625,
  "end_sec": 3.303189516067505,
  "text": "",
  "barge_in_fired": false,
  "barge_in_events": [],
  "mic_rms_mean": 0.009020636789500713,
  "mic_rms_max": 0.08444178104400635,
  "echo_sim_mean": 0.25439692390371604
}