{
  "index": 8,
  "start_sec": 33.084277868270874,
  "end_sec": 34.0858633518219,
  "text": "",
  "barge_in_fired": false,
  "barge_in_events": [],
  "mic_rms_mean": 0.01606149412691593,
  "mic_rms_max": 0.05661332607269287,
  "echo_sim_mean": 0.19503656440339662
}