{
  "index": 3,
  "start_sec": 5.420632362365723,
  "end_sec": 7.674539804458618,
  "text": "",
  "barge_in_fired": false,
  "barge_in_events": [],
  "mic_rms_mean": 0.011174645274877548,
  "mic_rms_max": 0.11715865135192871,
  "echo_sim_mean": 0.21946840637435186
}