{
  "index": 3,
  "start_sec": 11.325851917266846,
  "end_sec": 12.229026079177856,
  "text": "",
  "barge_in_fired": false,
  "barge_in_events": [],
  "mic_rms_mean": 0.011255799792706966,
  "mic_rms_max": 0.05675339698791504,
  "echo_sim_mean": 0.17338919605776545
}