{
  "index": 3,
  "start_sec": 10.200968027114868,
  "end_sec": 12.655246019363403,
  "text": "",
  "barge_in_fired": false,
  "barge_in_events": [],
  "mic_rms_mean": 0.021649839356541634,
  "mic_rms_max": 0.15836775302886963,
  "echo_sim_mean": 0.25907792316067296
}